Round,Date,Time,Location,Team1,Record1,Team2,Record2,MoreInfo,District,Division
 Round 1, 5/30/2023, 4:30 PM, St Clair Shores Lake Shore, Roseville ,7-6 , Warren Woods Tower ,2-8 ,/gameeventdetails/contestid/3959020/schoolid/3837/view/contest,21 ,1
 SemiFin, 6/3/2023, 2:00 PM, St Clair Shores Lake Shore,  , , Warren De La Salle Collegiate ,5-21 ,/gameeventdetails/contestid/3959022/schoolid/0/view/contest,21 ,1
 SemiFin, 6/3/2023, 2:00 PM, St Clair Shores Lake Shore, St Clair Shores Lake Shore ,10-6 , Fraser ,8-6 ,/gameeventdetails/contestid/3959021/schoolid/4471/view/contest,21 ,1
 Round 1, 5/25/2023, 2:15 PM, Royal Oak, Royal Oak ,14-6 , Sterling Heights ,1-11 ,/gameeventdetails/contestid/3960810/schoolid/4456/view/contest,22 ,1
 SemiFin, 6/2/2023, 10:00 AM, Royal Oak,  , , Berkley ,7-13 ,/gameeventdetails/contestid/3960812/schoolid/0/view/contest,22 ,1
 SemiFin, 6/2/2023, 12:30 PM, Royal Oak, Warren Mott ,2-11 , Warren Cousino ,10-6 ,/gameeventdetails/contestid/3960811/schoolid/4080/view/contest,22 ,1
 Round 1, TBA, , Woodhaven High School - Baseball - Brownstown, Wyandotte Roosevelt ,11-10 , Taylor ,5-10 ,/gameeventdetails/contestid/3960795/schoolid/4356/view/contest,17 ,1
 SemiFin, 6/3/2023, 2:00 PM, Woodhaven High School - Baseball - Brownstown,  , , Southgate Anderson ,11-8 ,/gameeventdetails/contestid/3960797/schoolid/0/view/contest,17 ,1
 SemiFin, 6/3/2023, 4:30 PM, Woodhaven High School - Baseball - Brownstown, Gibraltar Carlson ,10-12 , Brownstown Woodhaven ,17-9 ,/gameeventdetails/contestid/3960796/schoolid/4528/view/contest,17 ,1
 Round 1, 5/25/2023, 4:00 PM, Edsel Ford High School - Baseball - Dearborn, Dearborn Edsel Ford ,9-13 , River Rouge ,1-5 ,/gameeventdetails/contestid/3960799/schoolid/4209/view/contest,18 ,1
 SemiFin, 6/3/2023, 10:00 AM, James Gulliver Field - Baseball - Allen Park,  , , Lincoln Park ,1-22 ,/gameeventdetails/contestid/3960801/schoolid/0/view/contest,18 ,1
 SemiFin, 6/3/2023, 12:00 PM, James Gulliver Field - Baseball - Allen Park, Allen Park ,19-4-1 , Dearborn ,4-13-1 ,/gameeventdetails/contestid/3960800/schoolid/4288/view/contest,18 ,1
 SemiFin, 6/3/2023, 10:00 AM, Berrien Springs High School - Baseball - berrien springs, Edwardsburg ,10-8 , Stevensville Lakeshore ,7-3 ,/gameeventdetails/contestid/3960890/schoolid/4187/view/contest,45 ,2
 SemiFin, 6/3/2023, 12:30 PM, Berrien Springs High School - Baseball - berrien springs, Niles ,9-7 , Berrien Springs ,15-8 ,/gameeventdetails/contestid/3960889/schoolid/3892/view/contest,45 ,2
 Round 1, 5/30/2023, 4:00 PM, Vicksburg High School (Baseball Game Field), Vicksburg ,12-10 , Sturgis ,2-11 ,/gameeventdetails/contestid/3960892/schoolid/3906/view/contest,46 ,2
 SemiFin, TBA, , Vicksburg High School (Baseball Game Field),  , , Dowagiac ,3-10 ,/gameeventdetails/contestid/3960894/schoolid/0/view/contest,46 ,2
 SemiFin, 6/3/2023, 10:00 AM, Vicksburg High School (Baseball Game Field), Paw Paw ,10-10-1 , Three Rivers ,12-13 ,/gameeventdetails/contestid/3960893/schoolid/3864/view/contest,46 ,2
 Round 1, 5/30/2023, 4:15 PM, Thornapple Kellogg High School - Baseball - Middleville, East Grand Rapids ,9-13 , Grand Rapids Christian ,18-3 ,/gameeventdetails/contestid/3960876/schoolid/4557/view/contest,41 ,2
 SemiFin, TBA, , Thornapple Kellogg High School - Baseball - Middleville,  , , Grand Rapids West Michigan Aviation Academy ,15-5 ,/gameeventdetails/contestid/3960878/schoolid/0/view/contest,41 ,2
 SemiFin, 6/3/2023, 12:00 PM, Thornapple Kellogg High School - Baseball - Middleville, Grand Rapids South Christian ,18-8 , Middleville Thornapple Kellogg ,3-10 ,/gameeventdetails/contestid/3960877/schoolid/4160/view/contest,41 ,2
 SemiFin, 6/3/2023, 10:00 AM, Grand Rapids Catholic Central, Wyoming Lee ,2-15 , Grand Rapids Catholic Central ,3-7 ,/gameeventdetails/contestid/3962211/schoolid/4325/view/contest,42 ,2
 SemiFin, 6/3/2023, 12:00 PM, Grand Rapids Catholic Central, Hudsonville Unity Christian ,6-15 , Wyoming Godwin Heights ,2-12 ,/gameeventdetails/contestid/3962210/schoolid/4161/view/contest,42 ,2
 SemiFin, 6/3/2023, 10:00 AM, Algonac High School (Baseball Diamond), New Haven ,14-4 , Almont ,11-8 ,/gameeventdetails/contestid/3961062/schoolid/4051/view/contest,93 ,3
 SemiFin, 6/3/2023, 12:30 PM, Algonac High School (Baseball Diamond), Memphis ,2-11 , Algonac ,22-2 ,/gameeventdetails/contestid/3961061/schoolid/4225/view/contest,93 ,3
 Round 1, 5/30/2023, 3:00 PM," Bentley High School (The ""Vuk"" (Named after Coach Jim Vukovich) - Burton", Burton Atherton ,4-8 , New Lothrop ,9-13 ,/gameeventdetails/contestid/3961064/schoolid/4274/view/contest,94 ,3
 Round 1, TBA, ," Bentley High School (The ""Vuk"" (Named after Coach Jim Vukovich) - Burton", Montrose ,7-5 , Mt Morris ,9-4 ,/gameeventdetails/contestid/3961065/schoolid/3995/view/contest,94 ,3
 SemiFin, 6/3/2023, 10:00 AM," Bentley High School (The ""Vuk"" (Named after Coach Jim Vukovich) - Burton",  , , Burton Bentley ,9-6 ,/gameeventdetails/contestid/3961067/schoolid/0/view/contest,94 ,3
 SemiFin, 6/3/2023, 12:00 PM," Bentley High School (The ""Vuk"" (Named after Coach Jim Vukovich) - Burton", Burton Bendle ,0-11 ,  , ,/gameeventdetails/contestid/3961066/schoolid/4008/view/contest,94 ,3
 SemiFin, 6/2/2023, 2:00 PM, Communication & Media Arts High School - Detroit (Stoepel Park), Detroit Communication Media Arts ,8-3 , Detroit Jalen Rose Leadership Academy ,0-4 ,/gameeventdetails/contestid/3961050/schoolid/4613/view/contest,89 ,3
 Final D, 6/2/2023, 4:30 PM, Communication & Media Arts High School - Detroit (Stoepel Park),  , , Detroit Loyola ,0-5 ,/gameeventdetails/contestid/3961051/schoolid/0/view/contest,89 ,3
 SemiFin, 6/3/2023, 10:00 AM, Ecorse High School (Baseball Diamond), Detroit Cristo Rey ,2-6 , Hope of Detroit Academy ,2-2 ,/gameeventdetails/contestid/3961052/schoolid/7349/view/contest,90 ,3
 Final D, 6/3/2023, 12:00 PM, Ecorse High School (Baseball Diamond),  , , Ecorse ,17-1 ,/gameeventdetails/contestid/3961053/schoolid/0/view/contest,90 ,3
 Round 1, 5/30/2023, 4:30 PM, Slater Field - New Buffalo, St Joseph Our Lady of the Lake Catholic ,11-7 , New Buffalo ,4-7-1 ,/gameeventdetails/contestid/3961135/schoolid/4474/view/contest,13 ,4
 SemiFin, 6/3/2023, 9:30 AM, Slater Field - New Buffalo,  , , Three Oaks River Valley ,8-16-1 ,/gameeventdetails/contestid/3961137/schoolid/0/view/contest,13 ,4
 SemiFin, 6/3/2023, 11:30 AM, Slater Field - New Buffalo, St Joseph Michigan Lutheran ,9-8 , Eau Claire ,0-13 ,/gameeventdetails/contestid/3961136/schoolid/3930/view/contest,13 ,4
 SemiFin, 6/3/2023, 10:00 AM, Lawrence Fields, Gobles ,10-5 , Lawrence ,12-6-1 ,/gameeventdetails/contestid/3961140/schoolid/3966/view/contest,14 ,4
 SemiFin, 6/3/2023, 12:00 PM, Lawrence Fields, Marcellus ,8-13 , Decatur ,16-2 ,/gameeventdetails/contestid/3961139/schoolid/4322/view/contest,14 ,4
 Round 1, 5/30/2023, 4:00 PM, Trott Field - North Adams, Camden-Frontier ,10-5 , Pittsford ,7-4 ,/gameeventdetails/contestid/3961156/schoolid/4348/view/contest,19 ,4
 SemiFin, 6/2/2023, 10:00 AM, Trott Field - North Adams,  , , Waldron ,0-10 ,/gameeventdetails/contestid/3961158/schoolid/0/view/contest,19 ,4
 SemiFin, 6/2/2023, 12:00 PM, Trott Field - North Adams, North Adams-Jerome ,7-6 , Reading ,2-9 ,/gameeventdetails/contestid/3961157/schoolid/4296/view/contest,19 ,4
 Round 1, 5/30/2023, 5:00 PM, Morenci, Adrian Lenawee Christian ,1-8 , Sand Creek ,8-13 ,/gameeventdetails/contestid/3961160/schoolid/4601/view/contest,20 ,4
 SemiFin, 6/3/2023, 10:00 AM, Morenci,  , , Britton Deerfield ,7-10 ,/gameeventdetails/contestid/3961162/schoolid/0/view/contest,20 ,4
 SemiFin, 6/3/2023, 12:00 PM, Morenci, Petersburg Summerfield ,10-5 , Morenci ,2-10 ,/gameeventdetails/contestid/3961161/schoolid/3968/view/contest,20 ,4
 SemiFin, 6/3/2023, 10:00 AM, Detroit U-D Jesuit, Detroit U of D Jesuit ,9-20 , Detroit Renaissance ,0-3 ,/gameeventdetails/contestid/3960815/schoolid/4131/view/contest,23 ,1
 Final D, 6/3/2023, 12:00 PM, Detroit U-D Jesuit,  , , Detroit Mumford ,0-2 ,/gameeventdetails/contestid/3960816/schoolid/0/view/contest,23 ,1
 SemiFin, 6/3/2023, 10:00 AM, Warriors Park - Troy, Birmingham Seaholm ,21-2 , Southfield Arts & Technology ,0-13 ,/gameeventdetails/contestid/3960818/schoolid/4430/view/contest,24 ,1
 SemiFin, 6/3/2023, 12:00 PM, Warriors Park - Troy, Birmingham Groves ,15-10 , Bloomfield Hills Brother Rice ,21-6 ,/gameeventdetails/contestid/3960817/schoolid/4065/view/contest,24 ,1
 Round 1, 5/30/2023, 4:30 PM, Historic Hamtramck Stadium, Dearborn Fordson ,0-2 , Hamtramck ,1-0 ,/gameeventdetails/contestid/3960803/schoolid/4465/view/contest,19 ,1
 SemiFin, 6/2/2023, 2:30 PM, Historic Hamtramck Stadium,  , , Detroit Martin Luther King ,0-4 ,/gameeventdetails/contestid/3960805/schoolid/0/view/contest,19 ,1
 SemiFin, 6/2/2023, 12:00 PM, Historic Hamtramck Stadium, Detroit Western ,6-6 , Detroit Cass Tech ,11-7 ,/gameeventdetails/contestid/3960804/schoolid/4468/view/contest,19 ,1
 SemiFin, 6/3/2023, 10:00 AM, Grosse Pointe North (Norsemen), Grosse Pointe South ,13-5-1 , St Clair Shores Lakeview ,13-5 ,/gameeventdetails/contestid/3960808/schoolid/4004/view/contest,20 ,1
 SemiFin, 6/3/2023, 12:00 PM, Grosse Pointe North (Norsemen), Grosse Pointe North ,12-6 , Harper Woods ,4-9 ,/gameeventdetails/contestid/3960807/schoolid/4545/view/contest,20 ,1
 Round 1, 5/26/2023, 4:00 PM, CHS Baseball Complex (Lowe Field) - Coldwater, Coldwater ,8-8 , Battle Creek Pennfield ,2-14 ,/gameeventdetails/contestid/3960896/schoolid/3868/view/contest,47 ,2
 SemiFin, 6/3/2023, 10:00 AM, CHS Baseball Complex (Lowe Field) - Coldwater,  , , Battle Creek Harper Creek ,14-7 ,/gameeventdetails/contestid/3960898/schoolid/0/view/contest,47 ,2
 SemiFin, 6/3/2023, 12:00 PM, CHS Baseball Complex (Lowe Field) - Coldwater, Marshall ,7-5 , Parma Western ,12-6 ,/gameeventdetails/contestid/3960897/schoolid/4548/view/contest,47 ,2
 Round 1, 5/30/2023, 4:00 PM, lakewood high school lake odessa - Baseball, Eaton Rapids ,3-4 , Charlotte ,10-8 ,/gameeventdetails/contestid/3960900/schoolid/4168/view/contest,48 ,2
 SemiFin, 6/3/2023, 10:00 AM, lakewood high school lake odessa - Baseball,  , , Olivet ,23-3 ,/gameeventdetails/contestid/3960902/schoolid/0/view/contest,48 ,2
 SemiFin, 6/3/2023, 12:30 PM, lakewood high school lake odessa - Baseball, Lake Odessa Lakewood ,9-14 , Hastings ,0-13 ,/gameeventdetails/contestid/3960901/schoolid/4352/view/contest,48 ,2
 Round 1, 5/30/2023, 4:15 PM, Hamilton HS, Holland ,4-17 , Hamilton ,14-9 ,/gameeventdetails/contestid/3960880/schoolid/4381/view/contest,43 ,2
 SemiFin, 6/3/2023, 10:00 AM, Hamilton HS,  , , South Haven ,10-10 ,/gameeventdetails/contestid/3960882/schoolid/0/view/contest,43 ,2
 SemiFin, 6/3/2023, 12:00 PM, Hamilton HS, Holland Christian ,12-10 , Allegan ,3-12-1 ,/gameeventdetails/contestid/3960881/schoolid/4431/view/contest,43 ,2
 Round 1, 5/30/2023, 4:00 PM, Phil Regan Field - Wayland, Wayland ,11-10 , Plainwell ,10-10-1 ,/gameeventdetails/contestid/3960884/schoolid/4565/view/contest,44 ,2
 SemiFin, 6/3/2023, 10:00 AM, Phil Regan Field - Wayland,  , , Richland Gull Lake ,14-14 ,/gameeventdetails/contestid/3960886/schoolid/0/view/contest,44 ,2
 SemiFin, 6/3/2023, 12:00 PM, Phil Regan Field - Wayland, Hopkins ,4-6 , Otsego ,4-11 ,/gameeventdetails/contestid/3960885/schoolid/4260/view/contest,44 ,2
 Round 1, 5/30/2023, 5:00 PM, Vassar High School - Baseball, Reese ,18-5-1 , Saginaw Valley Lutheran ,10-11 ,/gameeventdetails/contestid/3961069/schoolid/4258/view/contest,95 ,3
 SemiFin, 6/3/2023, 10:00 AM, Vassar High School - Baseball,  , , Otisville LakeVille Memorial ,2-11 ,/gameeventdetails/contestid/3961071/schoolid/0/view/contest,95 ,3
 SemiFin, 6/3/2023, 12:00 PM, Vassar High School - Baseball, Vassar ,14-5-1 , Millington ,15-10 ,/gameeventdetails/contestid/3961070/schoolid/4096/view/contest,95 ,3
 Round 1, 5/30/2023, 4:00 PM, Caro HS, Sandusky ,16-7 , Cass City ,16-6-1 ,/gameeventdetails/contestid/3961073/schoolid/4516/view/contest,96 ,3
 SemiFin, 6/3/2023, 10:00 AM, Caro HS,  , , Elkton-Pigeon-Bay Port Laker ,8-16 ,/gameeventdetails/contestid/3961075/schoolid/0/view/contest,96 ,3
 SemiFin, 6/3/2023, 12:00 PM, Caro HS, Caro ,11-8-1 , Bad Axe ,14-10 ,/gameeventdetails/contestid/3961074/schoolid/4125/view/contest,96 ,3
 SemiFin, 6/3/2023, 10:00 AM, Bishop Foley - Baseball - Madison Heights, Clawson ,8-5 , Madison Heights Bishop Foley ,10-7 ,/gameeventdetails/contestid/3961059/schoolid/4543/view/contest,92 ,3
 SemiFin, 6/3/2023, 12:00 PM, Bishop Foley - Baseball - Madison Heights, Madison Heights Madison ,1-10 , Clinton Township Clintondale ,6-5 ,/gameeventdetails/contestid/3961058/schoolid/3855/view/contest,92 ,3
 SemiFin, 6/2/2023, 12:00 PM, Colon MS/HS Athletic COmplex (Colon Athletic Complex), Tekonsha ,4-3 , Athens ,0-12 ,/gameeventdetails/contestid/3961150/schoolid/4057/view/contest,17 ,4
 SemiFin, 6/2/2023, 2:00 PM, Colon MS/HS Athletic COmplex (Colon Athletic Complex), Bellevue ,0-6 , Colon ,4-11 ,/gameeventdetails/contestid/3961149/schoolid/4386/view/contest,17 ,4
 Round 1, 5/30/2023, 4:00 PM, East jackson - Baseball - Jackson, Vandercook Lake ,0-10 , East Jackson ,4-14-2 ,/gameeventdetails/contestid/3961152/schoolid/4013/view/contest,18 ,4
 SemiFin, 6/2/2023, 12:00 PM, East jackson - Baseball - Jackson,  , , Addison ,13-11 ,/gameeventdetails/contestid/3961154/schoolid/0/view/contest,18 ,4
 SemiFin, 6/2/2023, 2:30 PM, East jackson - Baseball - Jackson, Concord ,11-8-2 , Litchfield ,1-9 ,/gameeventdetails/contestid/3961153/schoolid/4405/view/contest,18 ,4
 Round 1, 5/30/2023, 4:00 PM, Martin Baseball Field, Byron Center Zion Christian ,17-5-1 , Grand Rapids Sacred Heart ,2-11 ,/gameeventdetails/contestid/3961142/schoolid/4034/view/contest,15 ,4
 SemiFin, 6/3/2023, 1:00 PM, Martin Baseball Field,  , , Martin ,3-8 ,/gameeventdetails/contestid/3961144/schoolid/0/view/contest,15 ,4
 SemiFin, 6/3/2023, 3:00 PM, Martin Baseball Field, Wyoming Potter's House Christian ,2-12 , Wyoming Tri-unity Christian ,6-11 ,/gameeventdetails/contestid/3961143/schoolid/3963/view/contest,15 ,4
 SemiFin, 6/2/2023, 1:30 PM, Mendon High School (John Schwartz Field), Mendon ,16-3 , White Pigeon ,4-9 ,/gameeventdetails/contestid/3961147/schoolid/4492/view/contest,16 ,4
 SemiFin, 6/2/2023, 4:00 PM, Mendon High School (John Schwartz Field), Kalamazoo Hackett Catholic Prep ,15-9-1 , Kalamazoo Heritage Christian ,2-8 ,/gameeventdetails/contestid/3961146/schoolid/4248/view/contest,16 ,4
 Round 1, 5/30/2023, 4:00 PM, West Bloomfield, Waterford Mott ,4-22 , Orchard Lake St Mary's ,27-3 ,/gameeventdetails/contestid/3960831/schoolid/4275/view/contest,29 ,1
 SemiFin, 6/3/2023, 10:00 AM, West Bloomfield,  , , Waterford Kettering ,11-11-1 ,/gameeventdetails/contestid/3960833/schoolid/0/view/contest,29 ,1
 SemiFin, 6/3/2023, 12:00 PM, West Bloomfield, West Bloomfield ,16-6 , Lake Orion ,13-7 ,/gameeventdetails/contestid/3960832/schoolid/4287/view/contest,29 ,1
 Round 1, 5/30/2023, 4:30 PM, Lakeland HS - Baseball - White Lake, Milford ,8-17-2 , Walled Lake Central ,14-12 ,/gameeventdetails/contestid/3960835/schoolid/4378/view/contest,30 ,1
 SemiFin, 6/3/2023, 10:00 AM, Lakeland HS - Baseball - White Lake,  , , Walled Lake Northern ,17-10 ,/gameeventdetails/contestid/3960837/schoolid/0/view/contest,30 ,1
 SemiFin, 6/3/2023, 12:15 PM, Lakeland HS - Baseball - White Lake, White Lake Lakeland ,20-6 , Walled Lake Western ,14-12 ,/gameeventdetails/contestid/3960836/schoolid/3871/view/contest,30 ,1
 SemiFin, 6/2/2023, 9:30 AM, Stevenson High School - Sterling Heights, Utica Ford ,6-6 , Harrison Township L'Anse Creuse ,7-17 ,/gameeventdetails/contestid/3960821/schoolid/4420/view/contest,25 ,1
 SemiFin, 6/2/2023, 12:00 PM, Stevenson High School - Sterling Heights, Sterling Heights Stevenson ,14-3 , Clinton Township Chippewa Valley ,10-11-1 ,/gameeventdetails/contestid/3960820/schoolid/4030/view/contest,25 ,1
 Round 1, 5/26/2023, 4:00 PM, L'Anse Creuse North HS - Macomb (Baseball Diamond (near FB Field)), Macomb L'Anse Creuse North ,11-9 , New Baltimore Anchor Bay ,9-8-1 ,/gameeventdetails/contestid/3960451/schoolid/4230/view/contest,26 ,1
 SemiFin, 6/2/2023, 12:30 AM, Port Huron Northern - Baseball,  , , Port Huron ,3-16 ,/gameeventdetails/contestid/3960453/schoolid/0/view/contest,26 ,1
 SemiFin, 6/2/2023, 10:00 AM, Port Huron Northern - Baseball, Port Huron Northern ,9-4 , Macomb Dakota ,5-6 ,/gameeventdetails/contestid/3960452/schoolid/4093/view/contest,26 ,1
 Round 1, 5/30/2023, 5:00 PM, Gehringer Field - Baseball - Fowlerville, Haslett ,2-9 , Lansing Sexton ,0-11 ,/gameeventdetails/contestid/3960943/schoolid/3984/view/contest,61 ,2
 SemiFin, 6/3/2023, 10:00 AM, Gehringer Field - Baseball - Fowlerville,  , , Williamston ,13-6-1 ,/gameeventdetails/contestid/3960945/schoolid/0/view/contest,61 ,2
 SemiFin, 6/3/2023, 12:00 PM, Gehringer Field - Baseball - Fowlerville, Lansing Eastern ,2-8 , Fowlerville ,4-10 ,/gameeventdetails/contestid/3960944/schoolid/4042/view/contest,61 ,2
 Round 1, 5/30/2023, 4:00 PM, Owosso High School (Baseball Diamond), Lake Fenton ,7-4 , Owosso ,4-6 ,/gameeventdetails/contestid/3960947/schoolid/4480/view/contest,62 ,2
 SemiFin, 6/3/2023, 10:00 AM, Owosso High School (Baseball Diamond),  , , Corunna ,18-3 ,/gameeventdetails/contestid/3960949/schoolid/0/view/contest,62 ,2
 SemiFin, 6/3/2023, 12:00 PM, Owosso High School (Baseball Diamond), Flint Powers Catholic ,17-6-1 , Linden ,6-15 ,/gameeventdetails/contestid/3960948/schoolid/4009/view/contest,62 ,2
 Round 1, 5/30/2023, 4:30 PM, Hazel Park High School (Baseball Diamond), Center Line ,4-7 , Eastpointe ,0-5 ,/gameeventdetails/contestid/3960927/schoolid/4410/view/contest,57 ,2
 SemiFin, 6/3/2023, 10:00 AM, Hazel Park High School (Baseball Diamond),  , , Hazel Park ,9-9 ,/gameeventdetails/contestid/3960929/schoolid/0/view/contest,57 ,2
 SemiFin, 6/3/2023, 12:00 PM, Hazel Park High School (Baseball Diamond), Warren Fitzgerald ,5-6 , Madison Heights Lamphere ,9-6 ,/gameeventdetails/contestid/3960928/schoolid/3880/view/contest,57 ,2
 Round 1, 5/30/2023, 4:30 PM, Richmond Baseball Facility, Richmond ,12-3 , Macomb Lutheran North ,6-9 ,/gameeventdetails/contestid/3960931/schoolid/3848/view/contest,58 ,2
 SemiFin, 6/3/2023, 10:00 AM, Richmond Baseball Facility,  , , Marysville ,6-13 ,/gameeventdetails/contestid/3960933/schoolid/0/view/contest,58 ,2
 SemiFin, 6/3/2023, 12:30 PM, Richmond Baseball Facility, St Clair ,6-14 , Marine City ,6-3 ,/gameeventdetails/contestid/3960932/schoolid/4039/view/contest,58 ,2
 Round 1, 5/30/2023, 4:30 PM, Hemlock HS Baseball Field, Ovid-Elsie ,4-14 , St Louis ,2-15 ,/gameeventdetails/contestid/3961004/schoolid/4104/view/contest,77 ,3
 SemiFin, 6/3/2023, 11:00 AM, Hemlock HS Baseball Field,  , , Chesaning ,17-3 ,/gameeventdetails/contestid/3961006/schoolid/0/view/contest,77 ,3
 SemiFin, 6/3/2023, 1:00 PM, Hemlock HS Baseball Field, Hemlock ,8-14 , Ithaca ,8-10 ,/gameeventdetails/contestid/3961005/schoolid/4425/view/contest,77 ,3
 Round 1, 5/30/2023, 5:00 PM, Durand High School - Baseball (Goudy Field), Bath ,3-10 , Perry ,12-8 ,/gameeventdetails/contestid/3961008/schoolid/4346/view/contest,78 ,3
 SemiFin, 6/3/2023, 11:00 AM, Durand High School - Baseball (Goudy Field),  , , Durand ,4-8 ,/gameeventdetails/contestid/3961010/schoolid/0/view/contest,78 ,3
 SemiFin, 6/3/2023, 1:00 PM, Durand High School - Baseball (Goudy Field), Laingsburg ,21-5 , Byron ,3-9 ,/gameeventdetails/contestid/3961009/schoolid/3875/view/contest,78 ,3
 Round 1, 5/30/2023, 5:00 PM, Watervliet - Baseball, Watervliet ,11-1 , Hartford ,7-13 ,/gameeventdetails/contestid/3958951/schoolid/4333/view/contest,73 ,3
 SemiFin, 6/3/2023, 12:00 PM, Watervliet - Baseball,  , , Coloma ,8-17 ,/gameeventdetails/contestid/3958953/schoolid/0/view/contest,73 ,3
 SemiFin, 6/3/2023, 10:00 AM, Watervliet - Baseball, Bangor ,2-15 , Bloomingdale ,0-11 ,/gameeventdetails/contestid/3958952/schoolid/4282/view/contest,73 ,3
 Round 1, 5/30/2023, 5:00 PM, Galesburg-Augusta High School - Baseball, Parchment ,19-5 , Kalamazoo Christian ,15-10 ,/gameeventdetails/contestid/3960993/schoolid/4422/view/contest,74 ,3
 SemiFin, 6/3/2023, 10:00 AM, Galesburg-Augusta High School - Baseball,  , , Galesburg-Augusta ,19-2 ,/gameeventdetails/contestid/3960995/schoolid/0/view/contest,74 ,3
 SemiFin, 6/3/2023, 12:00 PM, Galesburg-Augusta High School - Baseball, Climax-Scotts ,12-3 , Comstock ,2-11 ,/gameeventdetails/contestid/3960994/schoolid/4214/view/contest,74 ,3
 SemiFin, 6/2/2023, 10:00 AM, Lockhart Field - Frankfort, Maple City Glen Lake ,18-5 , Lake Leelanau St Mary ,5-9-1 ,/gameeventdetails/contestid/3961111/schoolid/3954/view/contest,05 ,4
 SemiFin, 6/2/2023, 12:00 PM, Lockhart Field - Frankfort, Frankfort ,4-8 , Suttons Bay ,1-10 ,/gameeventdetails/contestid/3961110/schoolid/4519/view/contest,05 ,4
 SemiFin, 6/2/2023, 10:00 AM, Marion Athletic Complex - Baseball, Mesick ,13-5 , Buckley ,1-9 ,/gameeventdetails/contestid/3961114/schoolid/4482/view/contest,06 ,4
 SemiFin, 6/2/2023, 12:00 PM, Marion Athletic Complex - Baseball, Marion ,8-0 , Fife Lake Forest Area ,0-12 ,/gameeventdetails/contestid/3961113/schoolid/4262/view/contest,06 ,4
 Round 1, 5/30/2023, 4:30 PM, Fowler High School, Portland St Patrick ,10-5 , Fowler ,17-5 ,/gameeventdetails/contestid/3961128/schoolid/3942/view/contest,11 ,4
 SemiFin, 6/3/2023, 10:00 AM, Fowler High School,  , , Ashley ,3-13 ,/gameeventdetails/contestid/3961130/schoolid/0/view/contest,11 ,4
 SemiFin, 6/3/2023, 12:00 PM, Fowler High School, Fulton ,13-11 , Carson City-Crystal ,19-8 ,/gameeventdetails/contestid/3961129/schoolid/4504/view/contest,11 ,4
 SemiFin, 6/3/2023, 9:00 AM, Lansing Christian High School, Potterville ,1-16 , Lansing Christian ,5-9-1 ,/gameeventdetails/contestid/3961133/schoolid/4283/view/contest,12 ,4
 SemiFin, 6/3/2023, 11:30 AM, Lansing Christian High School, Morrice ,11-6 , Webberville ,8-9 ,/gameeventdetails/contestid/3961132/schoolid/4486/view/contest,12 ,4
 Round 1, 5/30/2023, 4:30 PM, Oxford High School - Baseball, Fenton ,10-5 , Holly ,8-7 ,/gameeventdetails/contestid/3960839/schoolid/4321/view/contest,31 ,1
 SemiFin, 6/3/2023, 10:00 AM, Oxford High School - Baseball,  , , Oxford ,10-5 ,/gameeventdetails/contestid/3960841/schoolid/0/view/contest,31 ,1
 SemiFin, 6/3/2023, 12:30 PM, Oxford High School - Baseball, Clarkston ,12-12 , Grand Blanc ,7-7-2 ,/gameeventdetails/contestid/3960840/schoolid/4052/view/contest,31 ,1
 Round 1, 5/30/2023, 4:00 PM, Flushing High School - Baseball, Flushing ,21-8 , Flint Carman-Ainsworth ,2-21 ,/gameeventdetails/contestid/3960843/schoolid/3991/view/contest,32 ,1
 SemiFin, 6/3/2023, 10:00 AM, Flushing High School - Baseball,  , , Swartz Creek ,10-9 ,/gameeventdetails/contestid/3960845/schoolid/0/view/contest,32 ,1
 SemiFin, 6/3/2023, 12:15 PM, Flushing High School - Baseball, Davison ,6-3 , Lapeer ,2-8 ,/gameeventdetails/contestid/3960844/schoolid/4079/view/contest,32 ,1
 Round 1, 5/26/2023, 4:00 PM, Romeo HS - Baseball, Romeo ,11-5-1 , Rochester ,19-10 ,/gameeventdetails/contestid/3960823/schoolid/4373/view/contest,27 ,1
 SemiFin, 6/2/2023, 10:00 AM, Romeo HS - Baseball,  , , Rochester Adams ,17-6 ,/gameeventdetails/contestid/3960825/schoolid/0/view/contest,27 ,1
 SemiFin, 6/2/2023, 12:30 PM, Romeo HS - Baseball, Rochester Hills Stoney Creek ,6-20 , Utica Eisenhower ,3-12 ,/gameeventdetails/contestid/3960824/schoolid/4047/view/contest,27 ,1
 Round 1, 5/30/2023, 4:30 PM, Auburn Hills Avondale, Auburn Hills Avondale ,15-8 , Troy Athens ,11-8 ,/gameeventdetails/contestid/3960827/schoolid/4010/view/contest,28 ,1
 SemiFin, 6/3/2023, 10:00 AM, Auburn Hills Avondale,  , , Troy ,11-9-1 ,/gameeventdetails/contestid/3960829/schoolid/0/view/contest,28 ,1
 SemiFin, 6/3/2023, 12:00 PM, Auburn Hills Avondale, Bloomfield Hills ,17-7-1 , Utica ,6-15 ,/gameeventdetails/contestid/3960828/schoolid/9195/view/contest,28 ,1
 Round 1, 5/30/2023, 4:00 PM, Conlee Field - Clio, Flint Hamady ,0-9 , Birch Run ,0-19 ,/gameeventdetails/contestid/3960951/schoolid/4090/view/contest,63 ,2
 SemiFin, 6/3/2023, 10:00 AM, Conlee Field - Clio,  , , Frankenmuth ,12-7-2 ,/gameeventdetails/contestid/3960953/schoolid/0/view/contest,63 ,2
 SemiFin, 6/3/2023, 12:00 PM, Conlee Field - Clio, Flint Kearsley ,9-9 , Clio ,1-11 ,/gameeventdetails/contestid/3960952/schoolid/4247/view/contest,63 ,2
 SemiFin, 6/3/2023, 10:00 AM, Swan Valley High School - Saginaw, Carrollton ,8-18 , Saginaw Swan Valley ,17-8-1 ,/gameeventdetails/contestid/3960956/schoolid/4419/view/contest,64 ,2
 SemiFin, 6/3/2023, 12:00 PM, Swan Valley High School - Saginaw, Saginaw Arthur Hill ,0-8 , Bridgeport ,0-9 ,/gameeventdetails/contestid/3960955/schoolid/4251/view/contest,64 ,2
 Round 1, 5/30/2023, 5:00 PM, North Branch High School - Baseball, Yale ,9-9 , Armada ,3-12 ,/gameeventdetails/contestid/3960935/schoolid/4485/view/contest,59 ,2
 SemiFin, 6/2/2023, 12:00 PM, North Branch High School - Baseball,  , , Croswell-Lexington ,5-13 ,/gameeventdetails/contestid/3960937/schoolid/0/view/contest,59 ,2
 SemiFin, 6/2/2023, 2:30 PM, North Branch High School - Baseball, Imlay City ,1-13 , North Branch ,21-3 ,/gameeventdetails/contestid/3960936/schoolid/4198/view/contest,59 ,2
 Round 1, 5/30/2023, 4:00 PM, Goodrich High School - Baseball, Bloomfield Hills Cranbrook Kingswood ,5-9 , Ortonville Brandon ,3-9 ,/gameeventdetails/contestid/3960939/schoolid/4487/view/contest,60 ,2
 SemiFin, 6/3/2023, 10:00 AM, Goodrich High School - Baseball,  , , Pontiac Notre Dame Prep ,10-10 ,/gameeventdetails/contestid/3960941/schoolid/0/view/contest,60 ,2
 SemiFin, 6/3/2023, 12:00 PM, Goodrich High School - Baseball, Detroit Country Day ,7-5-1 , Goodrich ,7-4 ,/gameeventdetails/contestid/3960940/schoolid/4179/view/contest,60 ,2
 Round 1, 5/30/2023, 4:30 PM, Delton-Kellogg High School (Baseball Diamond), Lansing Catholic ,13-3 , Delton Kellogg ,8-10 ,/gameeventdetails/contestid/3961012/schoolid/4003/view/contest,79 ,3
 SemiFin, 6/3/2023, 10:00 AM, Maplewood Elementary (Griswald Field) - Vermontville,  , , Springport ,1-17-1 ,/gameeventdetails/contestid/3961014/schoolid/0/view/contest,79 ,3
 SemiFin, 6/3/2023, 12:00 PM, Maplewood Elementary (Griswald Field) - Vermontville, Vermontville Maple Valley ,16-4 , Pewamo-Westphalia ,10-5 ,/gameeventdetails/contestid/3961013/schoolid/3849/view/contest,79 ,3
 Round 1, 5/30/2023, 4:15 PM, Grand Rapids West Catholic High School (Baseball Diamond), Grand Rapids West Catholic ,8-12 , Central Montcalm ,14-8-2 ,/gameeventdetails/contestid/3961016/schoolid/4353/view/contest,80 ,3
 SemiFin, 6/3/2023, 10:00 AM, Grand Rapids West Catholic High School (Baseball Diamond),  , , Grand Rapids NorthPointe Christian ,12-3 ,/gameeventdetails/contestid/3961018/schoolid/0/view/contest,80 ,3
 SemiFin, 6/3/2023, 12:00 PM, Grand Rapids West Catholic High School (Baseball Diamond), Saranac ,6-9 , Lakeview ,8-15-1 ,/gameeventdetails/contestid/3961017/schoolid/4295/view/contest,80 ,3
 Round 1, 5/30/2023, 4:30 PM, Calvin Christian HS - Baseball - Grandville, Holland Black River ,5-9 , Fennville ,10-14 ,/gameeventdetails/contestid/3960997/schoolid/3865/view/contest,75 ,3
 SemiFin, 6/3/2023, 12:00 PM, Calvin Christian HS - Baseball - Grandville,  , , Grand Rapids Covenant Christian ,7-4 ,/gameeventdetails/contestid/3960999/schoolid/0/view/contest,75 ,3
 SemiFin, 6/3/2023, 10:00 AM, Calvin Christian HS - Baseball - Grandville, Saugatuck ,1-13 , Grandville Calvin Christian ,19-10 ,/gameeventdetails/contestid/3960998/schoolid/4055/view/contest,75 ,3
 SemiFin, 6/3/2023, 10:00 AM, Ravenna Citizen's Field, North Muskegon ,22-5-1 , Kent City ,13-10-2 ,/gameeventdetails/contestid/3961002/schoolid/4392/view/contest,76 ,3
 SemiFin, 6/3/2023, 12:00 PM, Ravenna Citizen's Field, Ravenna ,11-10 , Montague ,14-9 ,/gameeventdetails/contestid/3961001/schoolid/4563/view/contest,76 ,3
 Round 1, 5/30/2023, 4:00 PM, Beal City High School - Baseball - Mt. Pleasant-Beal City, Coleman ,5-16 , Farwell ,0-8 ,/gameeventdetails/contestid/3961120/schoolid/3846/view/contest,09 ,4
 SemiFin, 6/3/2023, 10:00 AM, Beal City High School - Baseball - Mt. Pleasant-Beal City,  , , Mount Pleasant Sacred Heart ,21-7 ,/gameeventdetails/contestid/3961122/schoolid/0/view/contest,09 ,4
 SemiFin, 6/3/2023, 12:00 PM, Beal City High School - Baseball - Mt. Pleasant-Beal City, Beal City ,15-4 , Vestaburg ,0-11 ,/gameeventdetails/contestid/3961121/schoolid/4285/view/contest,09 ,4
 Round 1, 5/30/2023, 4:00 PM, Breckenridge Community Schools - Baseball, Breckenridge ,7-11 , Merrill ,19-6-1 ,/gameeventdetails/contestid/3961124/schoolid/4562/view/contest,10 ,4
 SemiFin, 6/3/2023, 10:00 AM, Breckenridge Community Schools - Baseball,  , , Saginaw Nouvel ,7-16 ,/gameeventdetails/contestid/3961126/schoolid/0/view/contest,10 ,4
 SemiFin, 6/3/2023, 12:00 PM, Breckenridge Community Schools - Baseball, St Charles ,1-19 , Saginaw Michigan Lutheran Seminary ,9-11-1 ,/gameeventdetails/contestid/3961125/schoolid/4294/view/contest,10 ,4
 Round 1, 5/30/2023, 4:30 PM, Brethren, Mason County Eastern ,4-4 , Manistee Catholic Central ,0-4 ,/gameeventdetails/contestid/3961116/schoolid/4365/view/contest,07 ,4
 SemiFin, 6/2/2023, 10:00 AM, Brethren,  , , Brethren ,0-8 ,/gameeventdetails/contestid/3961118/schoolid/0/view/contest,07 ,4
 SemiFin, 6/2/2023, 12:00 PM, Brethren, Pentwater ,0-6 , Bear Lake ,11-4-1 ,/gameeventdetails/contestid/3961117/schoolid/4520/view/contest,07 ,4
 Round 1, 5/30/2023, 4:00 PM, Warrior Field - Norton Shores, Baldwin ,0-4 , Holton ,1-22-1 ,/gameeventdetails/contestid/3958938/schoolid/4162/view/contest,08 ,4
 SemiFin, 6/3/2023, 12:00 PM, Warrior Field - Norton Shores, Muskegon Catholic Central ,21-3-1 ,  , ,/gameeventdetails/contestid/3958940/schoolid/3888/view/contest,08 ,4
 SemiFin, 6/3/2023, 2:00 PM, Warrior Field - Norton Shores, Blanchard Montabella ,3-11 , Muskegon Western Michigan Christian ,6-9-2 ,/gameeventdetails/contestid/3958939/schoolid/4234/view/contest,08 ,4
 Round 1, 5/30/2023, 4:30 PM, Monroe High School - Baseball, Ypsilanti Community ,0-17 , Monroe ,15-7-1 ,/gameeventdetails/contestid/3960783/schoolid/9197/view/contest,13 ,1
 SemiFin, 6/3/2023, 10:00 AM, Monroe High School - Baseball,  , , Belleville ,9-12 ,/gameeventdetails/contestid/3960785/schoolid/0/view/contest,13 ,1
 SemiFin, 6/3/2023, 12:00 PM, Monroe High School - Baseball, Ypsilanti Lincoln ,12-11 , Temperance Bedford ,15-13 ,/gameeventdetails/contestid/3960784/schoolid/4416/view/contest,13 ,1
 Round 1, 5/30/2023, 4:30 PM, Livonia Franklin, Dearborn Heights Crestwood ,8-6 , Redford Thurston ,7-10 ,/gameeventdetails/contestid/3960787/schoolid/4355/view/contest,14 ,1
 SemiFin, 6/3/2023, 2:30 PM, Livonia Franklin,  , , Livonia Franklin ,15-5 ,/gameeventdetails/contestid/3960789/schoolid/0/view/contest,14 ,1
 SemiFin, 6/3/2023, 4:30 PM, Livonia Franklin, Wayne Memorial ,4-12-1 , Westland John Glenn ,4-7 ,/gameeventdetails/contestid/3960788/schoolid/3884/view/contest,14 ,1
 Round 1, 5/30/2023, 4:30 PM, DeWitt High School (Baseball Diamond), Lansing Waverly ,13-8 , DeWitt ,6-8 ,/gameeventdetails/contestid/3960765/schoolid/4011/view/contest, 9 ,1
 Round 1, 5/30/2023, 4:30 PM, MacDonald Middle School - East Lansing, East Lansing ,6-13-1 , Okemos ,18-4-1 ,/gameeventdetails/contestid/3960766/schoolid/4163/view/contest, 9 ,1
 SemiFin, 6/3/2023, 10:00 AM, DeWitt High School (Baseball Diamond),  , , Grand Ledge ,11-8 ,/gameeventdetails/contestid/3960769/schoolid/0/view/contest, 9 ,1
 SemiFin, 6/3/2023, 12:00 PM, DeWitt High School (Baseball Diamond), Lansing Everett ,0-12 ,  , ,/gameeventdetails/contestid/3960767/schoolid/3882/view/contest, 9 ,1
 Round 1, 5/30/2023, 5:00 PM, Battle Creek Lakeview High School (Baseball Diamond), Battle Creek Lakeview ,26-2 , Holt ,5-10 ,/gameeventdetails/contestid/3960771/schoolid/4019/view/contest,10 ,1
 SemiFin, 6/3/2023, 10:00 AM, Glick Community Field - Jackson,  , , Jackson ,2-11 ,/gameeventdetails/contestid/3960773/schoolid/0/view/contest,10 ,1
 SemiFin, 6/3/2023, 12:00 PM, Glick Community Field - Jackson, Battle Creek Central ,1-12 , Jackson Northwest ,4-4 ,/gameeventdetails/contestid/3960772/schoolid/4032/view/contest,10 ,1
 Round 1, 5/30/2023, 4:00 PM, Divine Child High School - Dearborn (Baseball Diamond), Dearborn Divine Child ,12-10 , Dearborn Henry Ford Academy ,0-9 ,/gameeventdetails/contestid/3960913/schoolid/4190/view/contest,53 ,2
 SemiFin, 6/3/2023, 12:00 PM, Divine Child High School - Dearborn (Baseball Diamond),  , , Dearborn Heights Annapolis ,11-6 ,/gameeventdetails/contestid/3960915/schoolid/0/view/contest,53 ,2
 SemiFin, 6/3/2023, 10:00 AM, Divine Child High School - Dearborn (Baseball Diamond), Melvindale ,6-9 , Garden City ,4-5-1 ,/gameeventdetails/contestid/3960914/schoolid/4560/view/contest,53 ,2
 SemiFin, 6/3/2023, 10:00 AM, Baseball Field - Livonia, Livonia Clarenceville ,4-9 , Detroit Cody ,0-4 ,/gameeventdetails/contestid/3960918/schoolid/4316/view/contest,54 ,2
 SemiFin, 6/3/2023, 12:00 PM, Baseball Field - Livonia, Detroit Henry Ford ,2-5 , Redford Union ,1-10-1 ,/gameeventdetails/contestid/3960917/schoolid/4272/view/contest,54 ,2
 SemiFin, 6/2/2023, 10:00 AM, Mason High School - Baseball, Chelsea ,17-10 , Pinckney ,11-13 ,/gameeventdetails/contestid/3960905/schoolid/3912/view/contest,49 ,2
 SemiFin, 6/2/2023, 12:00 PM, Mason High School - Baseball, Ann Arbor Father Gabriel Richard ,12-10 , Mason ,4-7 ,/gameeventdetails/contestid/3960904/schoolid/4579/view/contest,49 ,2
 SemiFin, 6/3/2023, 10:00 AM, Cliff Nelson Field - Adrian, Milan ,14-9 , Tecumseh ,15-8 ,/gameeventdetails/contestid/3960908/schoolid/4005/view/contest,50 ,2
 SemiFin, 6/3/2023, 12:00 PM, Cliff Nelson Field - Adrian, Dundee ,11-9 , Adrian ,16-6 ,/gameeventdetails/contestid/3960907/schoolid/4231/view/contest,50 ,2
 SemiFin, 6/3/2023, 10:00 AM, Grass Lake High School - Baseball, Stockbridge ,2-9 , Grass Lake ,18-5 ,/gameeventdetails/contestid/3961036/schoolid/4524/view/contest,85 ,3
 SemiFin, 6/3/2023, 12:00 PM, Grass Lake High School - Baseball, Leslie ,7-12 , Dansville ,9-12 ,/gameeventdetails/contestid/3961035/schoolid/4278/view/contest,85 ,3
 Round 1, 5/30/2023, 4:30 PM, Clinton High School - Baseball, Clinton ,19-1 , Onsted ,11-8 ,/gameeventdetails/contestid/3961038/schoolid/3910/view/contest,86 ,3
 SemiFin, 6/3/2023, 10:00 AM, Clinton High School - Baseball,  , , Adrian Madison ,15-8 ,/gameeventdetails/contestid/3961040/schoolid/0/view/contest,86 ,3
 SemiFin, 6/3/2023, 12:00 PM, Clinton High School - Baseball, Hudson ,7-6 , Manchester ,6-8 ,/gameeventdetails/contestid/3961039/schoolid/4503/view/contest,86 ,3
 Round 1, 5/30/2023, 4:30 PM, Bridgman HS, Niles Brandywine ,16-4 , Cassopolis ,3-6 ,/gameeventdetails/contestid/3961020/schoolid/4375/view/contest,81 ,3
 SemiFin, 6/3/2023, 10:00 AM, Bridgman HS,  , , Buchanan ,7-14 ,/gameeventdetails/contestid/3961022/schoolid/0/view/contest,81 ,3
 SemiFin, 6/3/2023, 12:00 PM, Bridgman HS, Lawton ,0-14 , Bridgman ,12-5 ,/gameeventdetails/contestid/3961021/schoolid/4500/view/contest,81 ,3
 Round 1, 5/30/2023, 4:30 PM, Schoolcraft High School, Centreville ,11-0-1 , Schoolcraft ,12-8 ,/gameeventdetails/contestid/3961024/schoolid/3915/view/contest,82 ,3
 SemiFin, 6/3/2023, 10:00 AM, Schoolcraft High School,  , , Union City ,17-6 ,/gameeventdetails/contestid/3961026/schoolid/0/view/contest,82 ,3
 SemiFin, 6/3/2023, 12:00 PM, Schoolcraft High School, Constantine ,7-14 , Bronson ,2-10 ,/gameeventdetails/contestid/3961025/schoolid/4460/view/contest,82 ,3
 SemiFin, 6/3/2023, 10:00 AM, Harbor Beach HS, Kinde North Huron ,2-13 , Deckerville ,5-11 ,/gameeventdetails/contestid/3961165/schoolid/4217/view/contest,21 ,4
 SemiFin, 6/3/2023, 12:00 PM, Harbor Beach HS, Harbor Beach ,1-15 , Ubly ,17-6 ,/gameeventdetails/contestid/3961164/schoolid/4398/view/contest,21 ,4
 Round 1, 5/30/2023, 4:00 PM, Kingston High School - Baseball, Caseville ,0-13 , Bay City All Saints ,12-9 ,/gameeventdetails/contestid/3961167/schoolid/4533/view/contest,22 ,4
 Round 1, 5/30/2023, 6:00 PM, Kingston High School - Baseball, Unionville-Sebewaing ,9-12 , Kingston ,11-5 ,/gameeventdetails/contestid/3961168/schoolid/4192/view/contest,22 ,4
 SemiFin, 6/2/2023, 11:00 AM, Kingston High School - Baseball,  , , Akron-Fairgrove ,2-9 ,/gameeventdetails/contestid/3961170/schoolid/0/view/contest,22 ,4
 SemiFin, 6/2/2023, 1:00 PM, Kingston High School - Baseball, Mayville ,10-8 ,  , ,/gameeventdetails/contestid/3961169/schoolid/4508/view/contest,22 ,4
 Round 1, 5/30/2023, 4:30 PM, Gabriel Richard HS - Softball - Riverview, Allen Park Cabrini ,4-15 , Allen Park Inter-City Baptist ,8-3 ,/gameeventdetails/contestid/3958944/schoolid/3976/view/contest,27 ,4
 SemiFin, 6/3/2023, 9:30 AM, Gabriel Richard HS - Softball - Riverview,  , , Detroit Academy of the Americas ,12-0 ,/gameeventdetails/contestid/3958946/schoolid/0/view/contest,27 ,4
 SemiFin, 6/3/2023, 11:30 AM, Gabriel Richard HS - Softball - Riverview, Riverview Gabriel Richard ,3-12 , Taylor Trillium Academy ,1-6 ,/gameeventdetails/contestid/3958945/schoolid/4202/view/contest,27 ,4
 Round 1, 5/30/2023, 4:30 PM, Stafford Field - Canton, Westland Huron Valley Lutheran ,0-9 , Lutheran Westland ,1-14 ,/gameeventdetails/contestid/3961185/schoolid/4558/view/contest,28 ,4
 SemiFin, 6/3/2023, 10:00 AM, Stafford Field - Canton,  , , Novi Christian Academy ,7-6 ,/gameeventdetails/contestid/3961187/schoolid/0/view/contest,28 ,4
 SemiFin, 6/3/2023, 12:00 PM, Stafford Field - Canton, Whitmore Lake ,7-7 , Plymouth Christian Academy ,17-6 ,/gameeventdetails/contestid/3961186/schoolid/4086/view/contest,28 ,4
 Round 1, 5/30/2023, 4:30 PM, Northville High School - Baseball, Plymouth ,15-12 , Livonia Churchill ,18-8-1 ,/gameeventdetails/contestid/3960791/schoolid/4050/view/contest,15 ,1
 SemiFin, 6/3/2023, 10:00 AM, Northville High School - Baseball,  , , Canton ,9-16 ,/gameeventdetails/contestid/3960793/schoolid/0/view/contest,15 ,1
 SemiFin, 6/3/2023, 12:00 PM, Northville High School - Baseball, Salem ,7-9 , Northville ,21-2 ,/gameeventdetails/contestid/3960792/schoolid/4142/view/contest,15 ,1
 Round 1, 5/30/2023, 4:30 PM, Adlai E Stevenson HS - Livonia, Farmington ,9-13 , Detroit Catholic Central ,16-11 ,/gameeventdetails/contestid/3958975/schoolid/4350/view/contest,16 ,1
 SemiFin, 6/3/2023, 11:00 AM, Adlai E Stevenson HS - Livonia,  , , North Farmington ,4-18 ,/gameeventdetails/contestid/3958977/schoolid/0/view/contest,16 ,1
 SemiFin, 6/3/2023, 1:00 PM, Adlai E Stevenson HS - Livonia, Novi ,10-5 , Livonia Stevenson ,12-17 ,/gameeventdetails/contestid/3958976/schoolid/3933/view/contest,16 ,1
 Round 1, 5/30/2023, 4:30 PM, BHS Baseball - Brighton, Brighton ,18-7 , South Lyon East ,5-14-1 ,/gameeventdetails/contestid/3960775/schoolid/3834/view/contest,11 ,1
 SemiFin, 6/3/2023, 10:00 AM, BHS Baseball - Brighton,  , , Howell ,11-7 ,/gameeventdetails/contestid/3960777/schoolid/0/view/contest,11 ,1
 SemiFin, 6/3/2023, 12:00 PM, BHS Baseball - Brighton, Hartland ,10-6 , South Lyon ,16-7 ,/gameeventdetails/contestid/3960776/schoolid/4450/view/contest,11 ,1
 Round 1, 5/30/2023, 4:30 PM, Saline High School - Baseball, Saline ,18-10 , Ann Arbor Huron ,3-17 ,/gameeventdetails/contestid/3960779/schoolid/4427/view/contest,12 ,1
 SemiFin, 6/3/2023, 10:00 AM, Saline High School - Baseball,  , , Ann Arbor Skyline ,11-16 ,/gameeventdetails/contestid/3960781/schoolid/0/view/contest,12 ,1
 SemiFin, 6/3/2023, 12:30 PM, Saline High School - Baseball, Ann Arbor Pioneer ,8-20 , Dexter ,8-7 ,/gameeventdetails/contestid/3960780/schoolid/4134/view/contest,12 ,1
 Round 1, 5/25/2023, 4:30 PM," University Liggett School - Baseball - Grosse Pointe Woods, MI 48236", St Clair Shores South Lake ,1-6 , Harper Woods Chandler Park ,1-11 ,/gameeventdetails/contestid/3960921/schoolid/3992/view/contest,56 ,2
 SemiFin, 6/3/2023, 10:00 AM," University Liggett School - Baseball - Grosse Pointe Woods, MI 48236",  , , Detroit Denby ,2-4 ,/gameeventdetails/contestid/3960925/schoolid/0/view/contest,56 ,2
 SemiFin, 6/3/2023, 12:00 PM," University Liggett School - Baseball - Grosse Pointe Woods, MI 48236", Detroit East English ,8-2 , Grosse Pointe Woods University Liggett ,15-8 ,/gameeventdetails/contestid/3960924/schoolid/8950/view/contest,56 ,2
 SemiFin, 6/3/2023, 10:00 AM, Airport High School - Carleton (Varsity Baseball Field), New Boston Huron ,15-5 , Flat Rock ,10-8 ,/gameeventdetails/contestid/3960911/schoolid/3943/view/contest,51 ,2
 SemiFin, 6/3/2023, 12:30 PM, Airport High School - Carleton (Varsity Baseball Field), Monroe Jefferson ,7-18 , Carleton Airport ,20-4 ,/gameeventdetails/contestid/3960910/schoolid/4513/view/contest,51 ,2
 Round 1, 5/26/2023, 4:00 PM, Trenton Baseball Stadium, Riverview ,12-7 , Romulus Summit Academy North ,9-5 ,/gameeventdetails/contestid/3960719/schoolid/4547/view/contest,52 ,2
 SemiFin, 6/3/2023, 10:00 AM, Trenton Baseball Stadium,  , , Grosse Ile ,5-12 ,/gameeventdetails/contestid/3960721/schoolid/0/view/contest,52 ,2
 SemiFin, 6/3/2023, 12:30 PM, Trenton Baseball Stadium, Trenton ,16-9 , Romulus ,0-3-1 ,/gameeventdetails/contestid/3960720/schoolid/3909/view/contest,52 ,2
 Round 1, 5/30/2023, 4:30 PM, Whiteford High School - Baseball - Ottawa Lake, Ida ,9-9 , Blissfield ,10-12 ,/gameeventdetails/contestid/3961042/schoolid/4259/view/contest,87 ,3
 SemiFin, 6/3/2023, 9:30 AM, Whiteford High School - Baseball - Ottawa Lake,  , , Ottawa Lake Whiteford ,13-6 ,/gameeventdetails/contestid/3961044/schoolid/0/view/contest,87 ,3
 SemiFin, 6/3/2023, 11:30 AM, Whiteford High School - Baseball - Ottawa Lake, Monroe St Mary Catholic Central ,12-11 , Erie Mason ,5-13 ,/gameeventdetails/contestid/3961043/schoolid/4109/view/contest,87 ,3
 Round 1, 5/30/2023, 5:00 PM, Concordia University - Ann Arbor, Ann Arbor Greenhills ,14-10 , Dearborn Heights Robichaud ,1-5 ,/gameeventdetails/contestid/3961046/schoolid/4423/view/contest,88 ,3
 SemiFin, 6/2/2023, 12:00 PM, Concordia University - Ann Arbor,  , , Canton Prep ,8-9 ,/gameeventdetails/contestid/3961048/schoolid/0/view/contest,88 ,3
 SemiFin, 6/2/2023, 2:30 PM, Concordia University - Ann Arbor, Brighton Charyl Stockwell Prep ,11-9 , Taylor Prep ,11-5 ,/gameeventdetails/contestid/3961047/schoolid/9050/view/contest,88 ,3
 Round 1, 5/30/2023, 5:00 PM, Hanover-Horton High School - Baseball, Homer ,13-5 , Hanover-Horton ,8-8 ,/gameeventdetails/contestid/3961028/schoolid/3873/view/contest,83 ,3
 SemiFin, 6/3/2023, 10:00 AM, Hanover-Horton High School - Baseball,  , , Quincy ,13-5 ,/gameeventdetails/contestid/3961030/schoolid/0/view/contest,83 ,3
 SemiFin, 6/3/2023, 12:00 PM, Hanover-Horton High School - Baseball, Jonesville ,9-4 , Hillsdale ,5-10 ,/gameeventdetails/contestid/3961029/schoolid/4112/view/contest,83 ,3
 SemiFin, 6/3/2023, 10:00 AM, Napoleon High - Baseball, Brooklyn Columbia Central ,6-12-1 , Michigan Center ,8-5 ,/gameeventdetails/contestid/3961033/schoolid/3889/view/contest,84 ,3
 SemiFin, 6/3/2023, 12:00 PM, Napoleon High - Baseball, Napoleon ,10-12 , Jackson Lumen Christi ,14-5 ,/gameeventdetails/contestid/3961032/schoolid/4148/view/contest,84 ,3
 Round 1, 5/30/2023, 4:30 PM, Parkway Christian School - Baseball - Sterling Heights, Rochester Hills Lutheran Northwest ,4-3 , New Haven Merritt Academy ,2-4 ,/gameeventdetails/contestid/3961177/schoolid/4111/view/contest,25 ,4
 SemiFin, 6/3/2023, 10:00 AM, Parkway Christian School - Baseball - Sterling Heights,  , , Auburn Hills Oakland Christian ,6-8 ,/gameeventdetails/contestid/3961179/schoolid/0/view/contest,25 ,4
 SemiFin, 6/3/2023, 12:30 PM, Parkway Christian School - Baseball - Sterling Heights, Sterling Heights Parkway Christian ,11-6 , Marine City Cardinal Mooney ,10-4 ,/gameeventdetails/contestid/3961178/schoolid/4667/view/contest,25 ,4
 Round 1, 5/30/2023, 6:30 PM, Our Lady of the Lakes - Baseball - Waterford, Royal Oak Shrine Catholic ,11-7 , Clarkston Everest Collegiate ,1-8 ,/gameeventdetails/contestid/3961181/schoolid/4237/view/contest,26 ,4
 SemiFin, 6/3/2023, 12:00 PM, Our Lady of the Lakes - Baseball - Waterford,  , , Waterford Our Lady of the Lakes ,13-4 ,/gameeventdetails/contestid/3961183/schoolid/0/view/contest,26 ,4
 SemiFin, 6/3/2023, 10:00 AM, Our Lady of the Lakes - Baseball - Waterford, Southfield Christian ,0-7 , Bloomfield Hills Roeper ,10-3 ,/gameeventdetails/contestid/3961182/schoolid/4069/view/contest,26 ,4
 SemiFin, 6/2/2023, 10:00 AM, Peck High School - Baseball, Marlette ,8-9 , Capac ,12-8 ,/gameeventdetails/contestid/3961173/schoolid/4472/view/contest,23 ,4
 SemiFin, 6/2/2023, 12:00 PM, Peck High School - Baseball, Brown City ,4-16 , Peck ,12-2 ,/gameeventdetails/contestid/3961172/schoolid/4435/view/contest,23 ,4
 SemiFin, 6/3/2023, 10:00 AM, Genesee, Dryden ,7-11 , Genesee ,8-6 ,/gameeventdetails/contestid/3961175/schoolid/4014/view/contest,24 ,4
 Final D, 6/3/2023, 12:30 PM, Genesee,  , , Genesee Christian ,5-7 ,/gameeventdetails/contestid/3961176/schoolid/0/view/contest,24 ,4
 Round 1, 5/30/2023, 4:30 PM, Grandville High School - Baseball, Grand Rapids Union ,6-15 , Grandville ,14-11 ,/gameeventdetails/contestid/3960750/schoolid/4518/view/contest, 5 ,1
 SemiFin, 6/3/2023, 9:30 AM, Grandville High School - Baseball,  , , Wyoming ,14-5-1 ,/gameeventdetails/contestid/3960752/schoolid/0/view/contest, 5 ,1
 SemiFin, 6/3/2023, 11:30 AM, Grandville High School - Baseball, Jenison ,16-7 , Byron Center ,16-8 ,/gameeventdetails/contestid/3960751/schoolid/4126/view/contest, 5 ,1
 SemiFin, 6/3/2023, 9:30 AM, Lowell High School (Baseball Diamond), Caledonia ,8-13 , East Kentwood ,2-9 ,/gameeventdetails/contestid/3960755/schoolid/4203/view/contest, 6 ,1
 SemiFin, 6/3/2023, 12:00 PM, Lowell High School (Baseball Diamond), Grand Rapids Forest Hills Central ,13-7 , Lowell ,13-13 ,/gameeventdetails/contestid/3960754/schoolid/4311/view/contest, 6 ,1
 Round 1, 5/30/2023, 4:00 PM, North Marquette Fields, Mount Pleasant ,15-6-1 , Alpena ,13-2 ,/gameeventdetails/contestid/3960734/schoolid/4354/view/contest, 1 ,1
 SemiFin, 6/3/2023, 11:00 AM, North Marquette Fields,  , , Traverse City Central ,4-6 ,/gameeventdetails/contestid/3960736/schoolid/0/view/contest, 1 ,1
 SemiFin, 6/3/2023, 1:00 PM, North Marquette Fields, Traverse City West ,8-6 , Marquette ,7-6 ,/gameeventdetails/contestid/3960735/schoolid/4650/view/contest, 1 ,1
 Round 1, 5/30/2023, 4:00 PM, H H Dow High School - Baseball - Midland, Bay City Western ,16-0-1 , Midland ,18-9 ,/gameeventdetails/contestid/3960738/schoolid/4117/view/contest, 2 ,1
 SemiFin, 6/3/2023, 10:00 AM, H H Dow High School - Baseball - Midland,  , , Saginaw Heritage ,14-12-1 ,/gameeventdetails/contestid/3960740/schoolid/0/view/contest, 2 ,1
 SemiFin, 6/3/2023, 12:00 PM, H H Dow High School - Baseball - Midland, Bay City Central ,10-11-1 , Midland Dow ,14-10 ,/gameeventdetails/contestid/3960739/schoolid/4299/view/contest, 2 ,1
 Round 1, 5/30/2023, 4:30 PM, Newaygo Baseball Field, Alma ,9-9 , Howard City Tri County ,2-18 ,/gameeventdetails/contestid/3960861/schoolid/3987/view/contest,37 ,2
 SemiFin, 6/3/2023, 10:00 AM, Newaygo Baseball Field,  , , Grant ,7-13-1 ,/gameeventdetails/contestid/3960863/schoolid/0/view/contest,37 ,2
 SemiFin, 6/3/2023, 12:00 PM, Newaygo Baseball Field, Newaygo ,14-9-2 , Fremont ,6-10 ,/gameeventdetails/contestid/3960862/schoolid/4357/view/contest,37 ,2
 Round 1, 5/30/2023, 5:00 PM, Oakridge HS Baseball Field (Eagle Field) - Muskegon, Spring Lake ,14-9 , Muskegon Orchard View ,3-18-2 ,/gameeventdetails/contestid/3960865/schoolid/4244/view/contest,38 ,2
 SemiFin, 6/3/2023, 10:00 AM, Oakridge HS Baseball Field (Eagle Field) - Muskegon,  , , Muskegon Oakridge ,9-7 ,/gameeventdetails/contestid/3960867/schoolid/0/view/contest,38 ,2
 SemiFin, 6/3/2023, 12:00 PM, Oakridge HS Baseball Field (Eagle Field) - Muskegon, Whitehall ,17-9 , Fruitport ,9-12 ,/gameeventdetails/contestid/3960866/schoolid/4205/view/contest,38 ,2
 SemiFin, 6/2/2023, 10:00 AM, Al Ness Field (Al Ness) - Escanaba, Kingsford ,5-3 , Escanaba ,12-3 ,/gameeventdetails/contestid/3960848/schoolid/4108/view/contest,33 ,2
 SemiFin, 6/2/2023, 12:30 PM, Al Ness Field (Al Ness) - Escanaba, Houghton ,10-1 , Sault Ste Marie ,6-4 ,/gameeventdetails/contestid/3960847/schoolid/4338/view/contest,33 ,2
 SemiFin, 6/3/2023, 11:00 AM, Gaylord Varsity Baseball Field, Gaylord ,9-5-1 , Petoskey ,8-8 ,/gameeventdetails/contestid/3960851/schoolid/4095/view/contest,34 ,2
 SemiFin, 6/3/2023, 1:00 PM, Gaylord Varsity Baseball Field, Ogemaw Heights ,7-7 , Cheboygan ,6-11-1 ,/gameeventdetails/contestid/3960850/schoolid/4066/view/contest,34 ,2
 Round 1, 5/30/2023, 4:00 PM, Shelby Baseball Field, Shelby ,5-12 , Morley Stanwood ,5-11-1 ,/gameeventdetails/contestid/3960974/schoolid/3931/view/contest,69 ,3
 Round 1, 5/30/2023, 4:30 PM, White Cloud High School (Baseball Diamond), White Cloud ,16-8-1 , Mason County Central ,11-6 ,/gameeventdetails/contestid/3960975/schoolid/4394/view/contest,69 ,3
 SemiFin, 6/3/2023, 10:00 AM, Hart Baseball Field,  , , Hesperia ,5-15 ,/gameeventdetails/contestid/3960977/schoolid/0/view/contest,69 ,3
 SemiFin, 6/3/2023, 12:00 PM, Hart Baseball Field, Hart ,8-13 ,  , ,/gameeventdetails/contestid/3960976/schoolid/4149/view/contest,69 ,3
 Round 1, 5/30/2023, 5:00 PM, Traverse City Christian School, Benzie Central ,11-11 , Traverse City St Francis ,12-8-1 ,/gameeventdetails/contestid/3960979/schoolid/4359/view/contest,70 ,3
 SemiFin, 6/3/2023, 10:00 AM, Traverse City Christian School,  , , Manton ,0-9 ,/gameeventdetails/contestid/3960981/schoolid/0/view/contest,70 ,3
 SemiFin, 6/3/2023, 12:00 PM, Traverse City Christian School, Traverse City Christian ,8-4 , Manistee ,14-6 ,/gameeventdetails/contestid/3960980/schoolid/4648/view/contest,70 ,3
 Round 1, 5/30/2023, 6:00 PM, Irontown Field - Negaunee, Calumet ,1-4 , Ishpeming Westwood ,0-4 ,/gameeventdetails/contestid/3960958/schoolid/4495/view/contest,65 ,3
 SemiFin, 6/3/2023, 10:00 AM, Irontown Field - Negaunee,  , , Iron Mountain ,1-10-1 ,/gameeventdetails/contestid/3960960/schoolid/0/view/contest,65 ,3
 SemiFin, 6/3/2023, 12:00 PM, Irontown Field - Negaunee, Negaunee ,5-6 , Hancock ,1-5-1 ,/gameeventdetails/contestid/3960959/schoolid/4343/view/contest,65 ,3
 Round 1, 5/30/2023, 5:00 PM, Gladstone Sports Park, Gladstone ,8-2 , Menominee ,1-8 ,/gameeventdetails/contestid/3960962/schoolid/4383/view/contest,66 ,3
 SemiFin, 6/2/2023, 1:00 PM, Gladstone Sports Park,  , , Manistique ,7-7 ,/gameeventdetails/contestid/3960964/schoolid/0/view/contest,66 ,3
 SemiFin, 6/2/2023, 3:00 PM, Gladstone Sports Park, Eben Junction Superior Central ,1-7 , Newberry ,0-6 ,/gameeventdetails/contestid/3960963/schoolid/4312/view/contest,66 ,3
 Round 1, 5/30/2023, 4:00 PM, L'Anse High School (L'Anse Ball Field) - L'anse, L'Anse ,1-3 , Ironwood ,3-5 ,/gameeventdetails/contestid/3961077/schoolid/4300/view/contest,97 ,4
 Round 1, 5/30/2023, 4:00 PM, Lake Linden-Hubbell High School, Lake Linden-Hubbell ,0-2 , Wakefield-Marenisco ,0-4 ,/gameeventdetails/contestid/3961078/schoolid/4290/view/contest,97 ,4
 SemiFin, 6/2/2023, 11:00 AM, Stanton Baseball Field - Atlantic Mine,  , , Painesdale Jeffers ,10-0 ,/gameeventdetails/contestid/3961080/schoolid/0/view/contest,97 ,4
 SemiFin, 6/2/2023, 12:30 PM, Stanton Baseball Field - Atlantic Mine, Ontonagon ,0-0 ,  , ,/gameeventdetails/contestid/3961079/schoolid/4232/view/contest,97 ,4
 Round 1, 5/30/2023, 1:00 PM, Norway, Powers North Central ,12-4 , Stephenson ,0-2 ,/gameeventdetails/contestid/3961082/schoolid/3946/view/contest,98 ,4
 Round 1, 5/30/2023, 4:00 PM, Norway, Norway ,12-4 , Felch North Dickinson ,0-4 ,/gameeventdetails/contestid/3961083/schoolid/4025/view/contest,98 ,4
 SemiFin, 6/2/2023, 10:00 AM, Norway,  , , Crystal Falls Forest Park ,0-4 ,/gameeventdetails/contestid/3961085/schoolid/0/view/contest,98 ,4
 SemiFin, 6/2/2023, 1:00 PM, Norway, Bark River-Harris ,4-8 ,  , ,/gameeventdetails/contestid/3961084/schoolid/4339/view/contest,98 ,4
 Round 1, 5/30/2023, 4:00 PM, Hillman H.S. - Baseball, Atlanta ,7-9 , Hillman ,15-8 ,/gameeventdetails/contestid/3961102/schoolid/4266/view/contest,03 ,4
 SemiFin, 6/3/2023, 10:00 AM, Hillman H.S. - Baseball,  , , Rogers City ,5-1 ,/gameeventdetails/contestid/3961104/schoolid/0/view/contest,03 ,4
 SemiFin, 6/3/2023, 12:00 PM, Hillman H.S. - Baseball, Posen ,5-11 , Onaway ,7-5 ,/gameeventdetails/contestid/3961103/schoolid/4105/view/contest,03 ,4
 Round 1, 5/30/2023, 4:00 PM, Alcona High School - Baseball, Hale ,2-10 , Au Gres-Sims ,9-10 ,/gameeventdetails/contestid/3961106/schoolid/4568/view/contest,04 ,4
 SemiFin, 6/2/2023, 10:00 AM, Alcona High School - Baseball,  , , Whittemore-Prescott ,3-5 ,/gameeventdetails/contestid/3961108/schoolid/0/view/contest,04 ,4
 SemiFin, TBA, , Alcona High School - Baseball, Alcona ,7-5 , St Helen Charlton Heston Academy ,2-10 ,/gameeventdetails/contestid/3961107/schoolid/4400/view/contest,04 ,4
 Round 1, 5/30/2023, 4:30 PM, Zeeland Baseball Fields (Zeeland West Baseball Diamond - South), Hudsonville ,13-7 , Holland West Ottawa ,12-11-1 ,/gameeventdetails/contestid/3960757/schoolid/4569/view/contest, 7 ,1
 SemiFin, 6/3/2023, 10:00 AM, Zeeland Baseball Fields (Zeeland West Baseball Diamond - South),  , , St Joseph ,8-6 ,/gameeventdetails/contestid/3960759/schoolid/0/view/contest, 7 ,1
 SemiFin, 6/3/2023, 10:00 AM, Zeeland Baseball Fields (Zeeland West Baseball Diamond - South), Zeeland West ,12-7 , Zeeland East ,25-2 ,/gameeventdetails/contestid/3960758/schoolid/4662/view/contest, 7 ,1
 Round 1, 5/30/2023, 4:00 PM, Portage Northern HS - Baseball, Portage Northern ,17-6 , Mattawan ,16-6 ,/gameeventdetails/contestid/3960761/schoolid/4255/view/contest, 8 ,1
 SemiFin, 6/3/2023, 10:00 AM, Portage Northern HS - Baseball,  , , Kalamazoo Central ,16-8 ,/gameeventdetails/contestid/3960763/schoolid/0/view/contest, 8 ,1
 SemiFin, 6/3/2023, 12:00 PM, Portage Northern HS - Baseball, Kalamazoo Loy Norrix ,6-13 , Portage Central ,8-4 ,/gameeventdetails/contestid/3960762/schoolid/4424/view/contest, 8 ,1
 Round 1, 5/30/2023, 3:00 PM, Mona Shores Baseball Field (Baseball Field) - Muskegon, Grand Haven ,12-9 , Muskegon Mona Shores ,13-6 ,/gameeventdetails/contestid/3960742/schoolid/4180/view/contest, 3 ,1
 SemiFin, 6/3/2023, 12:00 PM, Mona Shores Baseball Field (Baseball Field) - Muskegon,  , , Muskegon ,0-19 ,/gameeventdetails/contestid/3960744/schoolid/0/view/contest, 3 ,1
 SemiFin, 6/3/2023, 10:00 AM, Mona Shores Baseball Field (Baseball Field) - Muskegon, Grand Rapids Kenowa Hills ,11-6 , Muskegon Reeths-Puffer ,11-9 ,/gameeventdetails/contestid/3960743/schoolid/4302/view/contest, 3 ,1
 Round 1, 5/30/2023, 4:15 PM, FHN Stadium - Baseball - Grand Rapids, Grand Rapids Forest Hills Northern ,4-8 , Cedar Springs ,11-8 ,/gameeventdetails/contestid/3960746/schoolid/4463/view/contest, 4 ,1
 SemiFin, 6/3/2023, 9:30 AM, FHN Stadium - Baseball - Grand Rapids,  , , Greenville ,5-22 ,/gameeventdetails/contestid/3960748/schoolid/0/view/contest, 4 ,1
 SemiFin, 6/3/2023, 11:30 AM, FHN Stadium - Baseball - Grand Rapids, Grand Rapids Northview ,8-6 , Rockford ,14-4 ,/gameeventdetails/contestid/3960747/schoolid/4183/view/contest, 4 ,1
 SemiFin, 6/2/2023, 11:00 AM, Coopersville High School (Varsity Baseball Field), Coopersville ,16-7 , Sparta ,3-9-1 ,/gameeventdetails/contestid/3960870/schoolid/4044/view/contest,39 ,2
 SemiFin, 6/2/2023, 1:45 PM, Coopersville High School (Varsity Baseball Field), Allendale ,11-6 , Comstock Park ,7-11 ,/gameeventdetails/contestid/3960869/schoolid/4298/view/contest,39 ,2
 Round 1, 5/30/2023, 5:00 PM, Belding High School, Ionia ,9-7 , St Johns ,13-5 ,/gameeventdetails/contestid/3960872/schoolid/4176/view/contest,40 ,2
 SemiFin, 6/3/2023, 10:00 AM, Belding High School,  , , Portland ,7-4 ,/gameeventdetails/contestid/3960874/schoolid/0/view/contest,40 ,2
 SemiFin, 6/3/2023, 12:00 PM, Belding High School, Belding ,5-5 , Ada Forest Hills Eastern ,13-2 ,/gameeventdetails/contestid/3960873/schoolid/4265/view/contest,40 ,2
 Round 1, 5/30/2023, 5:00 PM, Kingsley Athletic Complex, Big Rapids ,21-3-1 , Gladwin ,18-3-1 ,/gameeventdetails/contestid/3960853/schoolid/3905/view/contest,35 ,2
 SemiFin, 6/3/2023, 10:00 AM, Kingsley Athletic Complex,  , , Ludington ,8-12 ,/gameeventdetails/contestid/3960855/schoolid/0/view/contest,35 ,2
 SemiFin, 6/3/2023, 12:30 PM, Kingsley Athletic Complex, Kingsley ,7-3-1 , Cadillac ,7-11 ,/gameeventdetails/contestid/3960854/schoolid/3870/view/contest,35 ,2
 Round 1, 5/30/2023, 5:00 PM, Bay City John Glenn High School, Freeland ,16-5-1 , Essexville Garber ,15-6 ,/gameeventdetails/contestid/3960857/schoolid/4523/view/contest,36 ,2
 SemiFin, 6/3/2023, 10:00 AM, Bay City John Glenn High School,  , , Midland Bullock Creek ,20-3-1 ,/gameeventdetails/contestid/3960859/schoolid/0/view/contest,36 ,2
 SemiFin, 6/3/2023, 12:00 PM, Bay City John Glenn High School, Bay City John Glenn ,20-3 , Shepherd ,7-8 ,/gameeventdetails/contestid/3960858/schoolid/3863/view/contest,36 ,2
 Round 1, 5/26/2023, 3:00 PM, Meridian High School - Baseball - Sanford, Beaverton ,14-8 , Sanford Meridian ,9-10 ,/gameeventdetails/contestid/3960983/schoolid/4327/view/contest,71 ,3
 Round 1, 5/26/2023, 5:00 PM, Meridian High School - Baseball - Sanford, Pinconning ,2-11 , Standish-Sterling ,12-6 ,/gameeventdetails/contestid/3960984/schoolid/4317/view/contest,71 ,3
 SemiFin, 6/2/2023, 12:00 PM, Meridian High School - Baseball - Sanford,  , , Oscoda ,2-6 ,/gameeventdetails/contestid/3960986/schoolid/0/view/contest,71 ,3
 SemiFin, 6/2/2023, 2:00 PM, Meridian High School - Baseball - Sanford, Tawas ,11-7 ,  , ,/gameeventdetails/contestid/3960985/schoolid/3918/view/contest,71 ,3
 Round 1, 5/30/2023, 4:00 PM, Brookwood Athletic Complex - Clare, Reed City ,10-10 , Evart ,7-5 ,/gameeventdetails/contestid/3960988/schoolid/4276/view/contest,72 ,3
 Round 1, 5/30/2023, 6:00 PM, Brookwood Athletic Complex - Clare, Clare ,11-5 , Harrison ,0-9 ,/gameeventdetails/contestid/3960989/schoolid/4147/view/contest,72 ,3
 SemiFin, 6/3/2023, 10:00 AM, Brookwood Athletic Complex - Clare,  , , LeRoy Pine River ,10-4 ,/gameeventdetails/contestid/3960991/schoolid/0/view/contest,72 ,3
 SemiFin, 6/3/2023, 12:00 PM, Brookwood Athletic Complex - Clare, Remus Chippewa Hills ,7-12 ,  , ,/gameeventdetails/contestid/3960990/schoolid/4159/view/contest,72 ,3
 Round 1, 5/30/2023, 5:00 PM, Charlevoix HS, Boyne City ,2-9-2 , Elk Rapids ,10-11-1 ,/gameeventdetails/contestid/3960966/schoolid/4075/view/contest,67 ,3
 SemiFin, 6/3/2023, 10:00 AM, Charlevoix HS,  , , Kalkaska ,4-11 ,/gameeventdetails/contestid/3960968/schoolid/0/view/contest,67 ,3
 SemiFin, 6/3/2023, 12:00 PM, Charlevoix HS, Charlevoix ,15-3-1 , Mancelona ,5-8 ,/gameeventdetails/contestid/3960967/schoolid/4540/view/contest,67 ,3
 Round 1, 5/30/2023, 5:00 PM, Houghton Lake High School (baseball field), Grayling ,11-11 , McBain ,3-7-1 ,/gameeventdetails/contestid/3960970/schoolid/4306/view/contest,68 ,3
 SemiFin, 6/3/2023, 12:00 PM, Houghton Lake High School (baseball field),  , , Roscommon ,2-7 ,/gameeventdetails/contestid/3960972/schoolid/0/view/contest,68 ,3
 SemiFin, 6/3/2023, 10:00 AM, Houghton Lake High School (baseball field), Houghton Lake ,0-11 , Lake City ,4-17 ,/gameeventdetails/contestid/3960971/schoolid/3975/view/contest,68 ,3
 SemiFin, 6/3/2023, 10:00 AM, Central Lake Gymnasium, Ellsworth ,7-3 , East Jordan ,15-1 ,/gameeventdetails/contestid/3961096/schoolid/4364/view/contest,01 ,4
 SemiFin, 6/3/2023, 12:00 PM, Central Lake Gymnasium, Bellaire ,2-8 , Central Lake ,5-5 ,/gameeventdetails/contestid/3961095/schoolid/4037/view/contest,01 ,4
 Round 1, 5/30/2023, 4:00 PM, Gaylord St Mary, Mio ,10-5 , Johannesburg-Lewiston ,11-7 ,/gameeventdetails/contestid/3961098/schoolid/4186/view/contest,02 ,4
 SemiFin, 6/3/2023, 10:00 AM, Gaylord St Mary,  , , Wolverine ,0-9 ,/gameeventdetails/contestid/3961100/schoolid/0/view/contest,02 ,4
 SemiFin, 6/3/2023, 12:00 PM, Gaylord St Mary, Gaylord St Mary ,15-1-1 , Boyne Falls ,1-11 ,/gameeventdetails/contestid/3961099/schoolid/4145/view/contest,02 ,4
 Round 1, 5/30/2023, 4:00 PM, Rudyard Township fields - Baseball - rudyard, Brimley ,1-10 , Pickford ,2-4 ,/gameeventdetails/contestid/3961087/schoolid/4448/view/contest,99 ,4
 SemiFin, 6/2/2023, 10:00 AM, Rudyard Township fields - Baseball - rudyard,  , , Mackinaw City ,19-6 ,/gameeventdetails/contestid/3961089/schoolid/0/view/contest,99 ,4
 SemiFin, 6/2/2023, 12:00 PM, Rudyard Township fields - Baseball - rudyard, Rudyard ,10-15 , Pellston ,0-7-1 ,/gameeventdetails/contestid/3961088/schoolid/4360/view/contest,99 ,4
 Round 1, 5/30/2023, 5:00 PM, Kosequat Field, Harbor Springs Harbor Light Christian ,9-9 , Burt Lake Northern Michigan Christian ,5-5 ,/gameeventdetails/contestid/3961091/schoolid/4604/view/contest,00 ,4
 SemiFin, 6/3/2023, 10:00 AM, Kosequat Field,  , , Harbor Springs ,1-10-1 ,/gameeventdetails/contestid/3961093/schoolid/0/view/contest,00 ,4
 SemiFin, 6/3/2023, 12:00 PM, Kosequat Field, Alanson ,2-7 , Indian River Inland Lakes ,10-0 ,/gameeventdetails/contestid/3961092/schoolid/4307/view/contest,00 ,4
